,id,display_name,works_api_url,h_index,works_count,country_code
0,https://openalex.org/A5042409774,Sílvia De Sojo Caso,https://api.openalex.org/works?filter=author.id:A5042409774,0,1,
1,https://openalex.org/A5015080044,Sune Lehmann,https://api.openalex.org/works?filter=author.id:A5015080044,37,193,DK
2,https://openalex.org/A5070463669,Laura Alessandretti,https://api.openalex.org/works?filter=author.id:A5070463669,15,56,DK
3,https://openalex.org/A5018238570,Emil Bakkensen Johansen,https://api.openalex.org/works?filter=author.id:A5018238570,0,1,
4,https://openalex.org/A5064171835,Mathias Wullum Nielsen,https://api.openalex.org/works?filter=author.id:A5064171835,19,58,DK
5,https://openalex.org/A5007709761,Rubén Rodríguez Casañ,https://api.openalex.org/works?filter=author.id:A5007709761,0,1,ES
6,https://openalex.org/A5006126497,Antonio Ariño Villarroya,https://api.openalex.org/works?filter=author.id:A5006126497,6,141,ES
7,https://openalex.org/A5014435955,Sunny Rai,https://api.openalex.org/works?filter=author.id:A5014435955,13,65,US
8,https://openalex.org/A5039937997,A. Nicholas,https://api.openalex.org/works?filter=author.id:A5039937997,12,218,ZA
9,https://openalex.org/A5029821479,Salvatore Giorgi,https://api.openalex.org/works?filter=author.id:A5029821479,16,103,US
10,https://openalex.org/A5076193392,Brenda Curtis,https://api.openalex.org/works?filter=author.id:A5076193392,19,108,US
11,https://openalex.org/A5044944954,Lyle H. Ungar,https://api.openalex.org/works?filter=author.id:A5044944954,65,525,US
12,https://openalex.org/A5010646067,Sharath Chandra Guntuku,https://api.openalex.org/works?filter=author.id:A5010646067,26,143,US
13,https://openalex.org/A5087471530,Allison Koenecke,https://api.openalex.org/works?filter=author.id:A5087471530,5,32,US
14,https://openalex.org/A5068713525,Eric Giannella,https://api.openalex.org/works?filter=author.id:A5068713525,7,19,US
15,https://openalex.org/A5014466973,Robb Willer,https://api.openalex.org/works?filter=author.id:A5014466973,41,144,US
16,https://openalex.org/A5027036879,Sharad Goel,https://api.openalex.org/works?filter=author.id:A5027036879,37,176,US
17,https://openalex.org/A5076651767,Ziv Epstein,https://api.openalex.org/works?filter=author.id:A5076651767,12,56,US
18,https://openalex.org/A5022754313,Hause Lin,https://api.openalex.org/works?filter=author.id:A5022754313,11,61,US
19,https://openalex.org/A5047413956,Levin Brinkmann,https://api.openalex.org/works?filter=author.id:A5047413956,3,7,DE
20,https://openalex.org/A5014395817,Bramantyo Ibrahim Supriyatno,https://api.openalex.org/works?filter=author.id:A5014395817,1,1,US
21,https://openalex.org/A5009232244,Iyad Rahwan,https://api.openalex.org/works?filter=author.id:A5009232244,39,303,DE
22,https://openalex.org/A5080530108,Sandro Sousa,https://api.openalex.org/works?filter=author.id:A5080530108,2,19,GB
23,https://openalex.org/A5059033705,Vincenzo Nicosia,https://api.openalex.org/works?filter=author.id:A5059033705,32,171,GB
24,https://openalex.org/A5012278873,Li Wang,https://api.openalex.org/works?filter=author.id:A5012278873,207,37892,CN
25,https://openalex.org/A5012745533,Marilena Hohmann,https://api.openalex.org/works?filter=author.id:A5012745533,1,1,DK
26,https://openalex.org/A5036998377,Michele Coscia,https://api.openalex.org/works?filter=author.id:A5036998377,19,97,DK
27,https://openalex.org/A5081788625,Tianyuan Hu,https://api.openalex.org/works?filter=author.id:A5081788625,22,126,CN
28,https://openalex.org/A5092356216,Yara Kyrychenko,https://api.openalex.org/works?filter=author.id:A5092356216,1,2,GB
29,https://openalex.org/A5073961643,Sander van der Linden,https://api.openalex.org/works?filter=author.id:A5073961643,38,196,GB
30,https://openalex.org/A5048293280,Jon Roozenbeek,https://api.openalex.org/works?filter=author.id:A5048293280,19,71,AU
31,https://openalex.org/A5018195808,Nikolaos Nakis,https://api.openalex.org/works?filter=author.id:A5018195808,1,8,DK
32,https://openalex.org/A5086636153,Abdulkadir Çelikkanat,https://api.openalex.org/works?filter=author.id:A5086636153,3,32,DK
33,https://openalex.org/A5070569889,Louis Boucherie,https://api.openalex.org/works?filter=author.id:A5070569889,0,4,DE
34,https://openalex.org/A5059840085,Morten Mørup,https://api.openalex.org/works?filter=author.id:A5059840085,25,180,DK
35,https://openalex.org/A5002012048,Corrado Monti,https://api.openalex.org/works?filter=author.id:A5002012048,8,48,IT
36,https://openalex.org/A5043431197,Jacopo D'Ignazi,https://api.openalex.org/works?filter=author.id:A5043431197,1,2,IT
37,https://openalex.org/A5016371653,Michele Starnini,https://api.openalex.org/works?filter=author.id:A5016371653,19,88,IT
38,https://openalex.org/A5041680508,Gianmarco De Francisci Morales,https://api.openalex.org/works?filter=author.id:A5041680508,22,162,IT
39,https://openalex.org/A5011168888,Homa Hosseinmardi,https://api.openalex.org/works?filter=author.id:A5011168888,14,48,US
40,https://openalex.org/A5054707908,David Rothschild,https://api.openalex.org/works?filter=author.id:A5054707908,21,125,US
41,https://openalex.org/A5000679279,Duncan J. Watts,https://api.openalex.org/works?filter=author.id:A5000679279,57,200,US
42,https://openalex.org/A5066716873,Li Zhang,https://api.openalex.org/works?filter=author.id:A5066716873,241,31979,SG
43,https://openalex.org/A5049690420,Isabelle Lorge,https://api.openalex.org/works?filter=author.id:A5049690420,2,8,GB
44,https://openalex.org/A5049920688,Janet B. Pierrehumbert,https://api.openalex.org/works?filter=author.id:A5049920688,38,154,GB
45,https://openalex.org/A5059203487,Xiaoli Dong,https://api.openalex.org/works?filter=author.id:A5059203487,54,368,CN
46,https://openalex.org/A5069791094,Milena Tsvetkova,https://api.openalex.org/works?filter=author.id:A5069791094,10,127,GB
47,https://openalex.org/A5073082116,Melanie Oyarzún,https://api.openalex.org/works?filter=author.id:A5073082116,2,5,CL
48,https://openalex.org/A5002723139,Carlos Rodríguez-Sickert,https://api.openalex.org/works?filter=author.id:A5002723139,10,56,CL
49,https://openalex.org/A5054308726,Bernardo García Bulle Bueno,https://api.openalex.org/works?filter=author.id:A5054308726,2,13,US
50,https://openalex.org/A5012787401,Morgan R. Frank,https://api.openalex.org/works?filter=author.id:A5012787401,15,54,US
51,https://openalex.org/A5088539840,Esteban Moro,https://api.openalex.org/works?filter=author.id:A5088539840,34,159,US
52,https://openalex.org/A5070909977,Edwin de Jonge,https://api.openalex.org/works?filter=author.id:A5070909977,5,37,NL
53,https://openalex.org/A5047436850,Marjolijn Das,https://api.openalex.org/works?filter=author.id:A5047436850,12,32,NL
54,https://openalex.org/A5047584056,Veniamin Veselovsky,https://api.openalex.org/works?filter=author.id:A5047584056,2,13,CH
55,https://openalex.org/A5064290037,Robert West,https://api.openalex.org/works?filter=author.id:A5064290037,77,549,GB
56,https://openalex.org/A5069999998,Mark E. Whiting,https://api.openalex.org/works?filter=author.id:A5069999998,10,40,US
57,https://openalex.org/A5000679279,Duncan J. Watts,https://api.openalex.org/works?filter=author.id:A5000679279,57,200,US
58,https://openalex.org/A5070910849,Marc Sadurní Parera,https://api.openalex.org/works?filter=author.id:A5070910849,0,1,
59,https://openalex.org/A5093039163,Josep Perelló,https://api.openalex.org/works?filter=author.id:A5093039163,23,198,ES
60,https://openalex.org/A5049445164,Miquel Montero,https://api.openalex.org/works?filter=author.id:A5049445164,15,123,ES
61,https://openalex.org/A5002901620,Elisa Omodei,https://api.openalex.org/works?filter=author.id:A5002901620,8,42,AT
62,https://openalex.org/A5082912147,Jamell Dacon,https://api.openalex.org/works?filter=author.id:A5082912147,3,12,US
63,https://openalex.org/A5040639891,Jiliang Tang,https://api.openalex.org/works?filter=author.id:A5040639891,60,420,US
64,https://openalex.org/A5023349445,Minsu Park,https://api.openalex.org/works?filter=author.id:A5023349445,26,492,KR
65,https://openalex.org/A5053397364,Chao Yu,https://api.openalex.org/works?filter=author.id:A5053397364,57,563,CN
66,https://openalex.org/A5017534073,Michael W. Macy,https://api.openalex.org/works?filter=author.id:A5017534073,38,191,US
67,https://openalex.org/A5074267583,Kat Albrecht,https://api.openalex.org/works?filter=author.id:A5074267583,2,18,SI
68,https://openalex.org/A5092596265,Nicola Fanton,https://api.openalex.org/works?filter=author.id:A5092596265,0,2,
69,https://openalex.org/A5037220308,Agnieszka Faleńska,https://api.openalex.org/works?filter=author.id:A5037220308,7,24,DE
70,https://openalex.org/A5028201055,Wolff‐Michael Roth,https://api.openalex.org/works?filter=author.id:A5028201055,70,1227,CA
71,https://openalex.org/A5054478253,Alexandra Segerberg,https://api.openalex.org/works?filter=author.id:A5054478253,11,33,SE
72,https://openalex.org/A5018392096,Matteo Magnani,https://api.openalex.org/works?filter=author.id:A5018392096,26,185,SE
73,https://openalex.org/A5064437896,Sandra González‐Bailón,https://api.openalex.org/works?filter=author.id:A5064437896,24,104,US
74,https://openalex.org/A5071797963,Damian Trilling,https://api.openalex.org/works?filter=author.id:A5071797963,17,102,NL
75,https://openalex.org/A5093842223,Rupert Kiddle,https://api.openalex.org/works?filter=author.id:A5093842223,0,0,NL
76,https://openalex.org/A5018717377,Anne C. Kroon,https://api.openalex.org/works?filter=author.id:A5018717377,8,30,NL
77,https://openalex.org/A5074750047,Zhenqiang Ma,https://api.openalex.org/works?filter=author.id:A5074750047,71,1219,CN
78,https://openalex.org/A5051692037,Mónika Simon,https://api.openalex.org/works?filter=author.id:A5051692037,3,13,NL
79,https://openalex.org/A5070414079,Susan Vermeer,https://api.openalex.org/works?filter=author.id:A5070414079,6,18,NL
80,https://openalex.org/A5058382953,Kasper Welbers,https://api.openalex.org/works?filter=author.id:A5058382953,12,51,NL
81,https://openalex.org/A5047289699,Mark Boukes,https://api.openalex.org/works?filter=author.id:A5047289699,18,66,NL
82,https://openalex.org/A5039712245,Sanjay Kairam,https://api.openalex.org/works?filter=author.id:A5039712245,12,21,US
83,https://openalex.org/A5024554574,Sukankana Chakraborty,https://api.openalex.org/works?filter=author.id:A5024554574,2,6,GB
84,https://openalex.org/A5012278873,Li Wang,https://api.openalex.org/works?filter=author.id:A5012278873,207,37892,CN
85,https://openalex.org/A5038233956,Helen Margetts,https://api.openalex.org/works?filter=author.id:A5038233956,36,244,GB
86,https://openalex.org/A5012506346,Jonathan Bright,https://api.openalex.org/works?filter=author.id:A5012506346,8,16,US
87,https://openalex.org/A5066342421,L. Merten,https://api.openalex.org/works?filter=author.id:A5066342421,17,90,DE
88,https://openalex.org/A5076505031,Heidi Schulze,https://api.openalex.org/works?filter=author.id:A5076505031,4,8,DE
89,https://openalex.org/A5070117669,Judith Möller,https://api.openalex.org/works?filter=author.id:A5070117669,19,62,DE
90,https://openalex.org/A5011321903,Isabel Lerch,https://api.openalex.org/works?filter=author.id:A5011321903,0,3,
91,https://openalex.org/A5008238372,Sebastian Stier,https://api.openalex.org/works?filter=author.id:A5008238372,18,45,DE
92,https://openalex.org/A5033485181,Ardon Z. Shorr,https://api.openalex.org/works?filter=author.id:A5033485181,2,5,US
93,https://openalex.org/A5029805143,Leo Ferres,https://api.openalex.org/works?filter=author.id:A5029805143,14,77,MX
94,https://openalex.org/A5081345346,Simon Martin Breum,https://api.openalex.org/works?filter=author.id:A5081345346,0,3,DK
95,https://openalex.org/A5034939798,Bojan Kostić,https://api.openalex.org/works?filter=author.id:A5034939798,6,27,RS
96,https://openalex.org/A5054586972,Michael Szell,https://api.openalex.org/works?filter=author.id:A5054586972,21,65,AT
97,https://openalex.org/A5090329397,Zhuangyuan Fan,https://api.openalex.org/works?filter=author.id:A5090329397,5,12,HK
98,https://openalex.org/A5066649557,Becky P.Y. Loo,https://api.openalex.org/works?filter=author.id:A5066649557,33,257,HK
99,https://openalex.org/A5020203744,Tian Wen,https://api.openalex.org/works?filter=author.id:A5020203744,47,541,CN
100,https://openalex.org/A5036858935,Feiyang Zhang,https://api.openalex.org/works?filter=author.id:A5036858935,15,99,CN
101,https://openalex.org/A5034468528,Massimiliano Di Luca,https://api.openalex.org/works?filter=author.id:A5034468528,21,163,RO
102,https://openalex.org/A5048877432,Bruno Lepri,https://api.openalex.org/works?filter=author.id:A5048877432,39,312,IT
103,https://openalex.org/A5033797206,Antonio Bucchiarone,https://api.openalex.org/works?filter=author.id:A5033797206,21,184,IT
104,https://openalex.org/A5063995659,Annapaola Marconi,https://api.openalex.org/works?filter=author.id:A5063995659,18,121,IT
105,https://openalex.org/A5017040952,Simone Centellegher,https://api.openalex.org/works?filter=author.id:A5017040952,5,23,IT
106,https://openalex.org/A5002607503,Surendra Hazarie,https://api.openalex.org/works?filter=author.id:A5002607503,5,12,US
107,https://openalex.org/A5068497573,Hugo Barbosa,https://api.openalex.org/works?filter=author.id:A5068497573,9,41,GB
108,https://openalex.org/A5011035455,Adam Frank,https://api.openalex.org/works?filter=author.id:A5011035455,51,555,US
109,https://openalex.org/A5068151130,Ronaldo Menezes,https://api.openalex.org/works?filter=author.id:A5068151130,17,245,BR
110,https://openalex.org/A5052965447,Gourab Ghoshal,https://api.openalex.org/works?filter=author.id:A5052965447,22,93,US
111,https://openalex.org/A5023504999,Henrik Wolf,https://api.openalex.org/works?filter=author.id:A5023504999,2,7,DE
112,https://openalex.org/A5070868747,Ane Rahbek Vierø,https://api.openalex.org/works?filter=author.id:A5070868747,0,5,DK
113,https://openalex.org/A5013545446,Clara Vandeweerdt,https://api.openalex.org/works?filter=author.id:A5013545446,3,5,DK
114,https://openalex.org/A5068563745,Nicole Nisbett,https://api.openalex.org/works?filter=author.id:A5068563745,1,7,GB
115,https://openalex.org/A5085962760,Viktoria Spaiser,https://api.openalex.org/works?filter=author.id:A5085962760,9,45,GB
116,https://openalex.org/A5085139454,Nick Obradovich,https://api.openalex.org/works?filter=author.id:A5085139454,22,84,US
117,https://openalex.org/A5007784163,Hendrik Meyer-Lueckel,https://api.openalex.org/works?filter=author.id:A5007784163,41,189,CH
118,https://openalex.org/A5013277169,Patrick Zerrer,https://api.openalex.org/works?filter=author.id:A5013277169,4,7,DE
119,https://openalex.org/A5085884601,Max Falkenberg,https://api.openalex.org/works?filter=author.id:A5085884601,5,29,GB
120,https://openalex.org/A5068182184,Andrea Baronchelli,https://api.openalex.org/works?filter=author.id:A5068182184,40,242,GB
121,https://openalex.org/A5087415711,Giorgio Tripodi,https://api.openalex.org/works?filter=author.id:A5087415711,2,2,IT
122,https://openalex.org/A5054964418,Francesco Lamperti,https://api.openalex.org/works?filter=author.id:A5054964418,17,92,IT
123,https://openalex.org/A5016553781,Andrea Mina,https://api.openalex.org/works?filter=author.id:A5016553781,16,95,GB
124,https://openalex.org/A5016268748,Fabrizio Lillo,https://api.openalex.org/works?filter=author.id:A5016268748,43,471,IT
125,https://openalex.org/A5016180375,Roberto Mavilia,https://api.openalex.org/works?filter=author.id:A5016180375,8,29,IT
126,https://openalex.org/A5015561999,Francesca Chiaromonte,https://api.openalex.org/works?filter=author.id:A5015561999,41,176,US
127,https://openalex.org/A5090619642,Kristoffer Lind Glavind,https://api.openalex.org/works?filter=author.id:A5090619642,1,2,DK
128,https://openalex.org/A5047404909,Aaron J. Schwartz,https://api.openalex.org/works?filter=author.id:A5047404909,8,23,US
129,https://openalex.org/A5002034958,Christopher M. Danforth,https://api.openalex.org/works?filter=author.id:A5002034958,30,196,US
130,https://openalex.org/A5058732791,Andreas Bjerre-Nielsen,https://api.openalex.org/works?filter=author.id:A5058732791,6,29,DK
131,https://openalex.org/A5009420670,Andréia Teixeira,https://api.openalex.org/works?filter=author.id:A5009420670,19,131,PT
132,https://openalex.org/A5044719894,Michele Tizzani,https://api.openalex.org/works?filter=author.id:A5044719894,5,19,IT
133,https://openalex.org/A5020744129,Daniela Paolotti,https://api.openalex.org/works?filter=author.id:A5020744129,23,136,US
134,https://openalex.org/A5054638811,Pietro Coletti,https://api.openalex.org/works?filter=author.id:A5054638811,14,65,BE
135,https://openalex.org/A5001710037,Alessandro De Gaetano,https://api.openalex.org/works?filter=author.id:A5001710037,1,5,IT
136,https://openalex.org/A5053987970,Christopher I Jarvis,https://api.openalex.org/works?filter=author.id:A5053987970,31,81,GB
137,https://openalex.org/A5070972999,Amy Gimma,https://api.openalex.org/works?filter=author.id:A5070972999,29,89,GB
138,https://openalex.org/A5049145809,Kerry L. M. Wong,https://api.openalex.org/works?filter=author.id:A5049145809,22,83,GB
139,https://openalex.org/A5009631424,W. John Edmunds,https://api.openalex.org/works?filter=author.id:A5009631424,73,221,GB
140,https://openalex.org/A5059507519,Philippe Beutels,https://api.openalex.org/works?filter=author.id:A5059507519,47,271,BE
141,https://openalex.org/A5042663607,Niel Hens,https://api.openalex.org/works?filter=author.id:A5042663607,51,386,BE
142,https://openalex.org/A5084303908,Júlia Koltai,https://api.openalex.org/works?filter=author.id:A5084303908,7,48,HU
143,https://openalex.org/A5074354806,Ádám Stefkovics,https://api.openalex.org/works?filter=author.id:A5074354806,2,23,HU
144,https://openalex.org/A5061454360,Anna Sára Ligeti,https://api.openalex.org/works?filter=author.id:A5061454360,1,8,HU
145,https://openalex.org/A5053311835,Marcin Waniek,https://api.openalex.org/works?filter=author.id:A5053311835,7,47,PL
146,https://openalex.org/A5079517520,Petter Holme,https://api.openalex.org/works?filter=author.id:A5079517520,49,257,JP
147,https://openalex.org/A5077531047,Katayoun Farrahi,https://api.openalex.org/works?filter=author.id:A5077531047,16,62,GB
148,https://openalex.org/A5083517347,Rémi Emonet,https://api.openalex.org/works?filter=author.id:A5083517347,15,113,FR
149,https://openalex.org/A5017095669,Manuel Cebrián,https://api.openalex.org/works?filter=author.id:A5017095669,36,215,ES
150,https://openalex.org/A5007282319,Talal Rahwan,https://api.openalex.org/works?filter=author.id:A5007282319,22,140,AE
151,https://openalex.org/A5024305546,Lorenzo Amir Nemati Fard,https://api.openalex.org/works?filter=author.id:A5024305546,0,1,
152,https://openalex.org/A5059787882,Michele Tizzoni,https://api.openalex.org/works?filter=author.id:A5059787882,26,100,IT
153,https://openalex.org/A5072696264,Ida Perrotta,https://api.openalex.org/works?filter=author.id:A5072696264,27,151,IT
154,https://openalex.org/A5031799782,Nicola Perra,https://api.openalex.org/works?filter=author.id:A5031799782,35,133,GB
155,https://openalex.org/A5069579180,Nicolò Gozzi,https://api.openalex.org/works?filter=author.id:A5069579180,10,25,GB
156,https://openalex.org/A5070491108,Paolo Bajardi,https://api.openalex.org/works?filter=author.id:A5070491108,18,53,IT
157,https://openalex.org/A5031207136,Ryota Kobayashi,https://api.openalex.org/works?filter=author.id:A5031207136,23,366,JP
158,https://openalex.org/A5023818555,Yuka Takedomi,https://api.openalex.org/works?filter=author.id:A5023818555,1,3,JP
159,https://openalex.org/A5061006605,Yasuo Nakayama,https://api.openalex.org/works?filter=author.id:A5061006605,25,138,JP
160,https://openalex.org/A5068301366,Towa Suda,https://api.openalex.org/works?filter=author.id:A5068301366,1,2,
161,https://openalex.org/A5076101253,Takeaki Uno,https://api.openalex.org/works?filter=author.id:A5076101253,27,311,JP
162,https://openalex.org/A5072516978,Takako Hashimoto,https://api.openalex.org/works?filter=author.id:A5072516978,30,240,JP
163,https://openalex.org/A5011169770,Masashi Toyoda,https://api.openalex.org/works?filter=author.id:A5011169770,34,209,JP
164,https://openalex.org/A5045641554,Naoki Yoshinaga,https://api.openalex.org/works?filter=author.id:A5045641554,18,71,JP
165,https://openalex.org/A5056438865,Masaru Kitsuregawa,https://api.openalex.org/works?filter=author.id:A5056438865,31,666,JP
166,https://openalex.org/A5032045555,Luis E. C. Rocha,https://api.openalex.org/works?filter=author.id:A5032045555,24,106,BE
167,https://openalex.org/A5048222625,William Lee,https://api.openalex.org/works?filter=author.id:A5048222625,82,1258,GB
168,https://openalex.org/A5006344168,Katherine Spoon,https://api.openalex.org/works?filter=author.id:A5006344168,7,14,US
169,https://openalex.org/A5029529751,Isabelle Langrock,https://api.openalex.org/works?filter=author.id:A5029529751,1,4,FR
170,https://openalex.org/A5013000439,Jack LaViolette,https://api.openalex.org/works?filter=author.id:A5013000439,2,16,US
171,https://openalex.org/A5012278873,Li Wang,https://api.openalex.org/works?filter=author.id:A5012278873,207,37892,CN
172,https://openalex.org/A5031039880,Kristina Gligorić,https://api.openalex.org/works?filter=author.id:A5031039880,6,40,US
173,https://openalex.org/A5071586190,Tiziano Piccardi,https://api.openalex.org/works?filter=author.id:A5071586190,5,37,US
174,https://openalex.org/A5081429241,Jake M. Hofman,https://api.openalex.org/works?filter=author.id:A5081429241,25,70,US
175,https://openalex.org/A5047810054,Renzhe Yu,https://api.openalex.org/works?filter=author.id:A5047810054,7,29,US
176,https://openalex.org/A5047948208,Sky CH-Wang,https://api.openalex.org/works?filter=author.id:A5047948208,1,15,US
177,https://openalex.org/A5055838753,Chao Wang,https://api.openalex.org/works?filter=author.id:A5055838753,176,14643,CN
178,https://openalex.org/A5078949281,Wen Zhang,https://api.openalex.org/works?filter=author.id:A5078949281,126,6152,CN
179,https://openalex.org/A5078468507,NaLette Brodnax,https://api.openalex.org/works?filter=author.id:A5078468507,2,3,US
180,https://openalex.org/A5052572849,K. Zhu,https://api.openalex.org/works?filter=author.id:A5052572849,54,1023,CN
181,https://openalex.org/A5015797850,Nabeel Gillani,https://api.openalex.org/works?filter=author.id:A5015797850,6,34,US
182,https://openalex.org/A5035808622,Pascal Van Hentenryck,https://api.openalex.org/works?filter=author.id:A5035808622,48,773,US
183,https://openalex.org/A5046533977,Mariana Petaccia de Macedo,https://api.openalex.org/works?filter=author.id:A5046533977,14,45,BR
184,https://openalex.org/A5064297795,César A. Hidalgo,https://api.openalex.org/works?filter=author.id:A5064297795,38,231,FR
185,https://openalex.org/A5016589479,Luca Rossi,https://api.openalex.org/works?filter=author.id:A5016589479,26,237,IT
186,https://openalex.org/A5073688320,Juniper Lovato,https://api.openalex.org/works?filter=author.id:A5073688320,2,7,US
187,https://openalex.org/A5035455593,Laurent Hébert‐Dufresne,https://api.openalex.org/works?filter=author.id:A5035455593,26,176,US
188,https://openalex.org/A5026024797,Jonathan St-Onge,https://api.openalex.org/works?filter=author.id:A5026024797,3,9,CA
189,https://openalex.org/A5021330226,Randall Harp,https://api.openalex.org/works?filter=author.id:A5021330226,2,15,US
190,https://openalex.org/A5081370995,Marta López,https://api.openalex.org/works?filter=author.id:A5081370995,27,195,MX
191,https://openalex.org/A5033647390,S. P. Rogers,https://api.openalex.org/works?filter=author.id:A5033647390,1,3,US
192,https://openalex.org/A5000747784,Ijaz Ul Haq,https://api.openalex.org/works?filter=author.id:A5000747784,19,60,PK
193,https://openalex.org/A5071230789,Jeremiah Onaolapo,https://api.openalex.org/works?filter=author.id:A5071230789,5,31,US
194,https://openalex.org/A5072486839,Guanyu Song,https://api.openalex.org/works?filter=author.id:A5072486839,35,330,CN
195,https://openalex.org/A5052947335,Kateryna Kasianenko,https://api.openalex.org/works?filter=author.id:A5052947335,0,2,AU
196,https://openalex.org/A5077517761,Shima Saniei,https://api.openalex.org/works?filter=author.id:A5077517761,1,3,AU
197,https://openalex.org/A5037441540,Uttama Barua,https://api.openalex.org/works?filter=author.id:A5037441540,8,17,AU
198,https://openalex.org/A5072883637,George Gyamfi,https://api.openalex.org/works?filter=author.id:A5072883637,4,12,AU
199,https://openalex.org/A5014437029,Jana Lasser,https://api.openalex.org/works?filter=author.id:A5014437029,8,103,AT
200,https://openalex.org/A5063612283,Segun Taofeek Aroyehun,https://api.openalex.org/works?filter=author.id:A5063612283,5,24,DE
201,https://openalex.org/A5043560449,Fabio Carella,https://api.openalex.org/works?filter=author.id:A5043560449,0,9,IT
202,https://openalex.org/A5084607886,Ruth E. Appel,https://api.openalex.org/works?filter=author.id:A5084607886,2,11,US
203,https://openalex.org/A5077795637,Jennifer Pan,https://api.openalex.org/works?filter=author.id:A5077795637,20,70,US
204,https://openalex.org/A5082742221,Margaret E. Roberts,https://api.openalex.org/works?filter=author.id:A5082742221,28,82,US
205,https://openalex.org/A5003963130,Bao-Tran Truong,https://api.openalex.org/works?filter=author.id:A5003963130,6,8,US
206,https://openalex.org/A5074814445,Xiaodan Lou,https://api.openalex.org/works?filter=author.id:A5074814445,2,2,CN
207,https://openalex.org/A5011228873,Alessandro Flammini,https://api.openalex.org/works?filter=author.id:A5011228873,57,216,IT
208,https://openalex.org/A5021346979,Filippo Menczer,https://api.openalex.org/works?filter=author.id:A5021346979,64,341,US
209,https://openalex.org/A5035084501,Jason C. Coronel,https://api.openalex.org/works?filter=author.id:A5035084501,7,26,US
210,https://openalex.org/A5003788302,Matthew Donald Sweitzer,https://api.openalex.org/works?filter=author.id:A5003788302,0,2,
211,https://openalex.org/A5002775010,Shannon Poulsen,https://api.openalex.org/works?filter=author.id:A5002775010,4,10,US
212,https://openalex.org/A5056169471,Yuanmo He,https://api.openalex.org/works?filter=author.id:A5056169471,1,2,GB
213,https://openalex.org/A5082860684,Kathyrn R. Fair,https://api.openalex.org/works?filter=author.id:A5082860684,1,5,GB
214,https://openalex.org/A5014993912,Omar Guerrero,https://api.openalex.org/works?filter=author.id:A5014993912,10,122,GB
215,https://openalex.org/A5086711289,Gerardo Íñiguez,https://api.openalex.org/works?filter=author.id:A5086711289,14,61,AT
216,https://openalex.org/A5061857062,Sara Heydari,https://api.openalex.org/works?filter=author.id:A5061857062,6,25,IR
217,https://openalex.org/A5044033087,János Kertész,https://api.openalex.org/works?filter=author.id:A5044033087,62,419,AT
218,https://openalex.org/A5082358191,Jari Saramäki,https://api.openalex.org/works?filter=author.id:A5082358191,43,181,FI
219,https://openalex.org/A5026353536,Johanna Einsiedler,https://api.openalex.org/works?filter=author.id:A5026353536,2,3,AT
220,https://openalex.org/A5084537405,Nikolaj Harmon,https://api.openalex.org/works?filter=author.id:A5084537405,7,27,DK
221,https://openalex.org/A5026931667,David Dreyer Lassen,https://api.openalex.org/works?filter=author.id:A5026931667,20,116,DK
222,https://openalex.org/A5066694574,Jolien Cremers,https://api.openalex.org/works?filter=author.id:A5066694574,5,16,DK
223,https://openalex.org/A5047198701,Alexander J. Gates,https://api.openalex.org/works?filter=author.id:A5047198701,12,36,US
224,https://openalex.org/A5033341922,Alice Grishchenko,https://api.openalex.org/works?filter=author.id:A5033341922,3,11,RU
225,https://openalex.org/A5011326378,Ana Macanovic,https://api.openalex.org/works?filter=author.id:A5011326378,1,7,NL
226,https://openalex.org/A5061970875,Sam Zhang,https://api.openalex.org/works?filter=author.id:A5061970875,62,639,CN
227,https://openalex.org/A5048789742,Ashton Anderson,https://api.openalex.org/works?filter=author.id:A5048789742,18,75,CA
228,https://openalex.org/A5060724128,Ali Faqeeh,https://api.openalex.org/works?filter=author.id:A5060724128,7,10,FI
229,https://openalex.org/A5076021081,L. Iannucci,https://api.openalex.org/works?filter=author.id:A5076021081,34,123,IT
230,https://openalex.org/A5029246651,Ted Hsuan Yun Chen,https://api.openalex.org/works?filter=author.id:A5029246651,5,31,US
231,https://openalex.org/A5002020728,Mikko Kivelä,https://api.openalex.org/works?filter=author.id:A5002020728,19,93,FI
232,https://openalex.org/A5084942634,Anan Salloum,https://api.openalex.org/works?filter=author.id:A5084942634,6,33,US
233,https://openalex.org/A5033521118,Christian Staal Bruun Overgaard,https://api.openalex.org/works?filter=author.id:A5033521118,3,6,US
234,https://openalex.org/A5063065481,Josephine Lukito,https://api.openalex.org/works?filter=author.id:A5063065481,14,43,US
235,https://openalex.org/A5069816841,Fatima Alqabandi,https://api.openalex.org/works?filter=author.id:A5069816841,1,6,US
236,https://openalex.org/A5074755166,Eckehard Olbrich,https://api.openalex.org/works?filter=author.id:A5074755166,22,118,DE
237,https://openalex.org/A5067907907,Sven Banisch,https://api.openalex.org/works?filter=author.id:A5067907907,10,82,DE
238,https://openalex.org/A5041808447,Yelena Mejova,https://api.openalex.org/works?filter=author.id:A5041808447,20,147,IT
239,https://openalex.org/A5080502439,Armin Pournaki,https://api.openalex.org/works?filter=author.id:A5080502439,2,13,FR
240,https://openalex.org/A5052467882,Felix Gaisbauer,https://api.openalex.org/works?filter=author.id:A5052467882,7,44,DE
241,https://openalex.org/A5007077429,Bradley Spahn,https://api.openalex.org/works?filter=author.id:A5007077429,2,6,US
242,https://openalex.org/A5000043933,Sahil Verma,https://api.openalex.org/works?filter=author.id:A5000043933,21,157,IN
243,https://openalex.org/A5032431129,Pedro Ramaciotti Morales,https://api.openalex.org/works?filter=author.id:A5032431129,5,43,FR
244,https://openalex.org/A5044892025,Yuta Tomokiyo,https://api.openalex.org/works?filter=author.id:A5044892025,1,1,JP
245,https://openalex.org/A5067094699,Kimitaka Asatani,https://api.openalex.org/works?filter=author.id:A5067094699,5,48,JP
246,https://openalex.org/A5016661997,Kunihiro Miyazaki,https://api.openalex.org/works?filter=author.id:A5016661997,5,30,US
247,https://openalex.org/A5040217228,Fujio Toriumi,https://api.openalex.org/works?filter=author.id:A5040217228,13,206,JP
248,https://openalex.org/A5007166081,Ichiro Sakata,https://api.openalex.org/works?filter=author.id:A5007166081,34,127,JP
249,https://openalex.org/A5009841736,Matija Franklin,https://api.openalex.org/works?filter=author.id:A5009841736,3,3,GB
250,https://openalex.org/A5008373524,Trisevgeni Papakonstantinou,https://api.openalex.org/works?filter=author.id:A5008373524,1,11,GB
251,https://openalex.org/A5021224510,Tianshu Chen,https://api.openalex.org/works?filter=author.id:A5021224510,27,109,CN
252,https://openalex.org/A5038358917,Carlos Fernandez‐Basso,https://api.openalex.org/works?filter=author.id:A5038358917,7,18,ES
253,https://openalex.org/A5017534262,David A. Lagnado,https://api.openalex.org/works?filter=author.id:A5017534262,33,234,GB
254,https://openalex.org/A5006172855,Briony Swire‐Thompson,https://api.openalex.org/works?filter=author.id:A5006172855,11,38,US
255,https://openalex.org/A5079648413,Nir Grinberg,https://api.openalex.org/works?filter=author.id:A5079648413,9,18,IL
256,https://openalex.org/A5065840593,Oh-Yun Kwon,https://api.openalex.org/works?filter=author.id:A5065840593,38,431,KR
257,https://openalex.org/A5063394141,Damin Lee,https://api.openalex.org/works?filter=author.id:A5063394141,14,26,KR
258,https://openalex.org/A5010287399,Inho Hong,https://api.openalex.org/works?filter=author.id:A5010287399,5,29,KR
259,https://openalex.org/A5024915551,James Park,https://api.openalex.org/works?filter=author.id:A5024915551,36,417,US
260,https://openalex.org/A5025745021,Hyejin Youn,https://api.openalex.org/works?filter=author.id:A5025745021,14,47,US
261,https://openalex.org/A5065130405,Woo‐Sik Jung,https://api.openalex.org/works?filter=author.id:A5065130405,28,727,KR
262,https://openalex.org/A5068009402,Federico Delussu,https://api.openalex.org/works?filter=author.id:A5068009402,3,5,IT
263,https://openalex.org/A5024396732,Laetitia Gauvin,https://api.openalex.org/works?filter=author.id:A5024396732,17,59,IT
264,https://openalex.org/A5027019842,Lorenzo Lucchini,https://api.openalex.org/works?filter=author.id:A5027019842,5,18,IT
265,https://openalex.org/A5061868864,Marco Tonin,https://api.openalex.org/works?filter=author.id:A5061868864,0,2,
266,https://openalex.org/A5081236916,Marco De Nadai,https://api.openalex.org/works?filter=author.id:A5081236916,13,68,US
267,https://openalex.org/A5062068291,Nandini Iyer,https://api.openalex.org/works?filter=author.id:A5062068291,12,110,GB
268,https://openalex.org/A5080649498,Lisette Espín Noboa,https://api.openalex.org/works?filter=author.id:A5080649498,3,3,DE
269,https://openalex.org/A5034489649,Lorenzo Dall'Amico,https://api.openalex.org/works?filter=author.id:A5034489649,4,26,US
270,https://openalex.org/A5084405627,Onício Leal Neto,https://api.openalex.org/works?filter=author.id:A5084405627,14,64,CH
271,https://openalex.org/A5024920559,Beverly Laher,https://api.openalex.org/works?filter=author.id:A5024920559,1,6,MW
272,https://openalex.org/A5015964241,Guilherme Lichand,https://api.openalex.org/works?filter=author.id:A5015964241,8,116,US
273,https://openalex.org/A5069885186,Ciro Cattuto,https://api.openalex.org/works?filter=author.id:A5069885186,44,201,US
274,https://openalex.org/A5091783761,Anna Sapienza,https://api.openalex.org/works?filter=author.id:A5091783761,11,39,DK
275,https://openalex.org/A5033447925,Alessandra Urbinati,https://api.openalex.org/works?filter=author.id:A5033447925,2,2,IT
276,https://openalex.org/A5081434476,Salvatore Vilella,https://api.openalex.org/works?filter=author.id:A5081434476,4,13,IT
277,https://openalex.org/A5088619613,Roland Tóth,https://api.openalex.org/works?filter=author.id:A5088619613,26,336,NL
278,https://openalex.org/A5012631395,Christian Strippel,https://api.openalex.org/works?filter=author.id:A5012631395,7,45,DE
279,https://openalex.org/A5092165325,Marita Lítlá,https://api.openalex.org/works?filter=author.id:A5092165325,0,1,
280,https://openalex.org/A5030751235,Irena Đorđević,https://api.openalex.org/works?filter=author.id:A5030751235,0,1,RS
281,https://openalex.org/A5077537901,David Joachim Grüning,https://api.openalex.org/works?filter=author.id:A5077537901,4,88,DE
282,https://openalex.org/A5073561014,Frederik Riedel,https://api.openalex.org/works?filter=author.id:A5073561014,4,9,GB
283,https://openalex.org/A5026949484,Philipp Lorenz-Spreen,https://api.openalex.org/works?filter=author.id:A5026949484,10,52,DE
284,https://openalex.org/A5020262392,Chung‐Jung Tsai,https://api.openalex.org/works?filter=author.id:A5020262392,64,230,US
285,https://openalex.org/A5063028843,R. Gordon Rinderknecht,https://api.openalex.org/works?filter=author.id:A5063028843,4,17,DE
286,https://openalex.org/A5086453253,Emilio Zagheni,https://api.openalex.org/works?filter=author.id:A5086453253,29,167,DE
287,https://openalex.org/A5042566717,Wojtek Przepiorka,https://api.openalex.org/works?filter=author.id:A5042566717,15,105,NL
288,https://openalex.org/A5060904065,Vincent Buskens,https://api.openalex.org/works?filter=author.id:A5060904065,21,176,NL
289,https://openalex.org/A5075931759,Maren Schuster,https://api.openalex.org/works?filter=author.id:A5075931759,0,1,DE
290,https://openalex.org/A5043088159,Felix Münch,https://api.openalex.org/works?filter=author.id:A5043088159,3,24,DE
291,https://openalex.org/A5043526874,Aymeric Luneau,https://api.openalex.org/works?filter=author.id:A5043526874,1,15,FR
292,https://openalex.org/A5013145810,Jean‐Philippe Cointet,https://api.openalex.org/works?filter=author.id:A5013145810,17,162,FR
293,https://openalex.org/A5031767581,Yuan Zhang,https://api.openalex.org/works?filter=author.id:A5031767581,138,7000,CN
294,https://openalex.org/A5085097708,Yan Peng,https://api.openalex.org/works?filter=author.id:A5085097708,44,484,CN
295,https://openalex.org/A5067625837,Ralph Schroeder,https://api.openalex.org/works?filter=author.id:A5067625837,35,286,GB
296,https://openalex.org/A5082554858,Akira Matsui,https://api.openalex.org/works?filter=author.id:A5082554858,50,644,JP
297,https://openalex.org/A5075660224,Takayuki Murayama,https://api.openalex.org/works?filter=author.id:A5075660224,17,102,JP
298,https://openalex.org/A5031461158,Onur Varol,https://api.openalex.org/works?filter=author.id:A5031461158,25,82,TR
299,https://openalex.org/A5008805047,Martin Gerlach,https://api.openalex.org/works?filter=author.id:A5008805047,14,39,US
300,https://openalex.org/A5078699564,Emilio Ferrara,https://api.openalex.org/works?filter=author.id:A5078699564,51,395,US
301,https://openalex.org/A5070221432,Patrick Gildersleve,https://api.openalex.org/works?filter=author.id:A5070221432,3,11,GB
302,https://openalex.org/A5075314395,Akhil Arora,https://api.openalex.org/works?filter=author.id:A5075314395,12,58,US
303,https://openalex.org/A5067130509,Иван Смирнов,https://api.openalex.org/works?filter=author.id:A5067130509,43,215,RU
304,https://openalex.org/A5067215455,Corneliu I. Oprea,https://api.openalex.org/works?filter=author.id:A5067215455,12,76,DE
305,https://openalex.org/A5071422618,Markus Strohmaier,https://api.openalex.org/works?filter=author.id:A5071422618,32,336,DE
306,https://openalex.org/A5023447406,Roberta Rocca,https://api.openalex.org/works?filter=author.id:A5023447406,18,60,IT
307,https://openalex.org/A5024378198,Shreya Havaldar,https://api.openalex.org/works?filter=author.id:A5024378198,4,16,US
308,https://openalex.org/A5035586848,Thomas Talhelm,https://api.openalex.org/works?filter=author.id:A5035586848,16,86,US
309,https://openalex.org/A5057630806,Rangel Arthur,https://api.openalex.org/works?filter=author.id:A5057630806,14,198,BR
310,https://openalex.org/A5067315236,Camille Landesvatter,https://api.openalex.org/works?filter=author.id:A5067315236,2,7,DE
311,https://openalex.org/A5028306705,Paul C. Bauer,https://api.openalex.org/works?filter=author.id:A5028306705,12,52,DE
312,https://openalex.org/A5045331047,Hang Jiang,https://api.openalex.org/works?filter=author.id:A5045331047,21,109,CN
313,https://openalex.org/A5015441797,Xiajie Zhang,https://api.openalex.org/works?filter=author.id:A5015441797,6,23,AU
314,https://openalex.org/A5006257925,Xiaobin Cao,https://api.openalex.org/works?filter=author.id:A5006257925,11,46,CN
315,https://openalex.org/A5026429870,Jad Kabbara,https://api.openalex.org/works?filter=author.id:A5026429870,3,16,CA
316,https://openalex.org/A5026274355,Lucio La Cava,https://api.openalex.org/works?filter=author.id:A5026274355,4,16,IT
317,https://openalex.org/A5021211836,Andrea Tagarelli,https://api.openalex.org/works?filter=author.id:A5021211836,21,216,IT
318,https://openalex.org/A5089890523,Anubhab Das,https://api.openalex.org/works?filter=author.id:A5089890523,3,7,IN
319,https://openalex.org/A5038043083,Sanja Šćepanović,https://api.openalex.org/works?filter=author.id:A5038043083,9,63,GB
320,https://openalex.org/A5056041083,Ozgur Can Seckin,https://api.openalex.org/works?filter=author.id:A5056041083,0,4,US
321,https://openalex.org/A5015718160,Marie‐Laure Charpignon,https://api.openalex.org/works?filter=author.id:A5015718160,8,50,US
322,https://openalex.org/A5015136375,S. Das,https://api.openalex.org/works?filter=author.id:A5015136375,69,496,IT
323,https://openalex.org/A5060277811,Maimuna S. Majumder,https://api.openalex.org/works?filter=author.id:A5060277811,23,94,US
324,https://openalex.org/A5038377848,Roberta Sinatra,https://api.openalex.org/works?filter=author.id:A5038377848,23,54,AT
325,https://openalex.org/A5069003153,Yuxing Xia,https://api.openalex.org/works?filter=author.id:A5069003153,38,435,CN
326,https://openalex.org/A5087538685,Suman Kumar Maity,https://api.openalex.org/works?filter=author.id:A5087538685,26,76,US
327,https://openalex.org/A5076755077,Stefan Wuchty,https://api.openalex.org/works?filter=author.id:A5076755077,35,130,US
328,https://openalex.org/A5002041772,Dashun Wang,https://api.openalex.org/works?filter=author.id:A5002041772,28,130,US
329,https://openalex.org/A5015396887,Stephan Bachmann,https://api.openalex.org/works?filter=author.id:A5015396887,32,121,CH
330,https://openalex.org/A5080649498,Lisette Espín Noboa,https://api.openalex.org/works?filter=author.id:A5080649498,3,3,DE
331,https://openalex.org/A5074129504,Fariba Karimi,https://api.openalex.org/works?filter=author.id:A5074129504,14,96,AT
332,https://openalex.org/A5060256587,Claudia Acciai,https://api.openalex.org/works?filter=author.id:A5060256587,3,14,DK
333,https://openalex.org/A5084459940,Benjamin C. Holding,https://api.openalex.org/works?filter=author.id:A5084459940,8,23,DK
334,https://openalex.org/A5087711642,Jesper W. Schneider,https://api.openalex.org/works?filter=author.id:A5087711642,20,102,DK
335,https://openalex.org/A5038390320,Frauke Kreuter,https://api.openalex.org/works?filter=author.id:A5038390320,36,299,DE
336,https://openalex.org/A5022272025,Francesco Bonchi,https://api.openalex.org/works?filter=author.id:A5022272025,48,336,IT
337,https://openalex.org/A5067134501,Subhayan Mukerjee,https://api.openalex.org/works?filter=author.id:A5067134501,4,25,SG
338,https://openalex.org/A5022802322,Yang Zhang,https://api.openalex.org/works?filter=author.id:A5022802322,164,15205,CN
339,https://openalex.org/A5013761723,Yilang Peng,https://api.openalex.org/works?filter=author.id:A5013761723,8,30,US
340,https://openalex.org/A5073116071,Miaomiao Cheng,https://api.openalex.org/works?filter=author.id:A5073116071,26,95,CN
341,https://openalex.org/A5007104279,Shunyuan Zhang,https://api.openalex.org/works?filter=author.id:A5007104279,6,65,US
342,https://openalex.org/A5011126050,Makoto Mizuno,https://api.openalex.org/works?filter=author.id:A5011126050,34,292,JP
343,https://openalex.org/A5042566978,Hiroki Takikawa,https://api.openalex.org/works?filter=author.id:A5042566978,2,4,JP
344,https://openalex.org/A5003680815,Tina Law,https://api.openalex.org/works?filter=author.id:A5003680815,2,11,US
345,https://openalex.org/A5063325475,Natalie M. Gallagher,https://api.openalex.org/works?filter=author.id:A5063325475,9,24,US
346,https://openalex.org/A5015694492,Zoltán Kmetty,https://api.openalex.org/works?filter=author.id:A5015694492,5,72,HU
347,https://openalex.org/A5002912874,Julia Szamely,https://api.openalex.org/works?filter=author.id:A5002912874,1,1,
348,https://openalex.org/A5039592281,Dong Han,https://api.openalex.org/works?filter=author.id:A5039592281,38,465,CN
349,https://openalex.org/A5073988900,Kellner Anikó,https://api.openalex.org/works?filter=author.id:A5073988900,1,1,
350,https://openalex.org/A5005353484,Edison Martins Paulo,https://api.openalex.org/works?filter=author.id:A5005353484,7,47,MZ
351,https://openalex.org/A5091533231,Riccardo Di Clemente,https://api.openalex.org/works?filter=author.id:A5091533231,13,51,GB
352,https://openalex.org/A5065232848,James D. Michelson,https://api.openalex.org/works?filter=author.id:A5065232848,40,133,US
353,https://openalex.org/A5061831997,Miruna Cotet,https://api.openalex.org/works?filter=author.id:A5061831997,1,1,US
354,https://openalex.org/A5035276054,Wenjia Zhao,https://api.openalex.org/works?filter=author.id:A5035276054,12,46,CN
355,https://openalex.org/A5033765081,Ian Krajbich,https://api.openalex.org/works?filter=author.id:A5033765081,27,91,US
356,https://openalex.org/A5000518851,Seongwoon Kim,https://api.openalex.org/works?filter=author.id:A5000518851,2,4,KR
357,https://openalex.org/A5022887644,Sascha G. Walter,https://api.openalex.org/works?filter=author.id:A5022887644,12,73,DE
358,https://openalex.org/A5042153855,Alan Paul Kwan,https://api.openalex.org/works?filter=author.id:A5042153855,0,1,
359,https://openalex.org/A5025245627,Anjali Saxena,https://api.openalex.org/works?filter=author.id:A5025245627,13,72,IN
360,https://openalex.org/A5019906371,Rudolf Hanel,https://api.openalex.org/works?filter=author.id:A5019906371,45,307,AT
361,https://openalex.org/A5032934166,Frank Neffke,https://api.openalex.org/works?filter=author.id:A5032934166,14,87,AT
362,https://openalex.org/A5002455634,Hirokazu Shirado,https://api.openalex.org/works?filter=author.id:A5002455634,10,30,US
363,https://openalex.org/A5071088094,Shunichi Kasahara,https://api.openalex.org/works?filter=author.id:A5071088094,14,63,JP
364,https://openalex.org/A5010495671,Nicholas A. Christakis,https://api.openalex.org/works?filter=author.id:A5010495671,86,423,US
365,https://openalex.org/A5065682719,Luís M. Rocha,https://api.openalex.org/works?filter=author.id:A5065682719,22,180,US
366,https://openalex.org/A5056777216,Rion Brattig Correia,https://api.openalex.org/works?filter=author.id:A5056777216,7,41,US
367,https://openalex.org/A5014662127,Alain Barrat,https://api.openalex.org/works?filter=author.id:A5014662127,65,325,FR
368,https://openalex.org/A5067206551,Sebastiano Bontorin,https://api.openalex.org/works?filter=author.id:A5067206551,2,8,IT
369,https://openalex.org/A5059223686,Riccardo Gallotti,https://api.openalex.org/works?filter=author.id:A5059223686,15,67,IT
370,https://openalex.org/A5068819495,Luca Pappalardo,https://api.openalex.org/works?filter=author.id:A5068819495,25,133,IT
371,https://openalex.org/A5019170728,Manlio De Domenico,https://api.openalex.org/works?filter=author.id:A5019170728,51,273,IT
372,https://openalex.org/A5055119176,Qing Cao,https://api.openalex.org/works?filter=author.id:A5055119176,33,143,US
373,https://openalex.org/A5030641600,Babak Heydari,https://api.openalex.org/works?filter=author.id:A5030641600,16,88,US
374,https://openalex.org/A5042970272,Giovanni Mauro Cattaneo,https://api.openalex.org/works?filter=author.id:A5042970272,32,177,IT
375,https://openalex.org/A5078906245,Antonio Longa,https://api.openalex.org/works?filter=author.id:A5078906245,4,22,IT
376,https://openalex.org/A5036298760,Maddalena Conte,https://api.openalex.org/works?filter=author.id:A5036298760,14,70,IT
377,https://openalex.org/A5015195367,Qi Wang,https://api.openalex.org/works?filter=author.id:A5015195367,161,13319,CN
378,https://openalex.org/A5074777044,Kishore Vasan,https://api.openalex.org/works?filter=author.id:A5074777044,4,11,US
379,https://openalex.org/A5005775991,Xinlan Emily Hu,https://api.openalex.org/works?filter=author.id:A5005775991,2,4,US
380,https://openalex.org/A5019373396,Linnea Gandhi,https://api.openalex.org/works?filter=author.id:A5019373396,7,11,US
381,https://openalex.org/A5082665196,Lillio Mok,https://api.openalex.org/works?filter=author.id:A5082665196,2,9,CA
382,https://openalex.org/A5072793088,Lijun Sun,https://api.openalex.org/works?filter=author.id:A5072793088,40,140,US
383,https://openalex.org/A5069561077,Shilad Sen,https://api.openalex.org/works?filter=author.id:A5069561077,21,50,US
384,https://openalex.org/A5088501882,Bahareh Sarrafzadeh,https://api.openalex.org/works?filter=author.id:A5088501882,5,21,US
385,https://openalex.org/A5049292941,Peter J. Houghton,https://api.openalex.org/works?filter=author.id:A5049292941,44,448,US
386,https://openalex.org/A5052278645,Mikiko Shimaoka,https://api.openalex.org/works?filter=author.id:A5052278645,1,9,JP
387,https://openalex.org/A5063339619,Tomomi Kito,https://api.openalex.org/works?filter=author.id:A5063339619,8,35,JP
388,https://openalex.org/A5040829611,Tzu‐Chen Yen,https://api.openalex.org/works?filter=author.id:A5040829611,57,411,TW
389,https://openalex.org/A5046159336,Kate L. Wootton,https://api.openalex.org/works?filter=author.id:A5046159336,7,16,US
390,https://openalex.org/A5014647140,Aaron Clauset,https://api.openalex.org/works?filter=author.id:A5014647140,43,201,US
391,https://openalex.org/A5027079032,Daniel B. Larremore,https://api.openalex.org/works?filter=author.id:A5027079032,29,113,US
392,https://openalex.org/A5054505815,Ezequiel M. Vázquez‐López,https://api.openalex.org/works?filter=author.id:A5054505815,27,229,ES
393,https://openalex.org/A5008439962,Stefan M. Herzog,https://api.openalex.org/works?filter=author.id:A5008439962,18,109,DE
394,https://openalex.org/A5052132950,Jianying Zhou,https://api.openalex.org/works?filter=author.id:A5052132950,45,398,CN
395,https://openalex.org/A5081008532,Daniele Quercia,https://api.openalex.org/works?filter=author.id:A5081008532,36,244,GB
396,https://openalex.org/A5065893083,Wanqi Hu,https://api.openalex.org/works?filter=author.id:A5065893083,5,11,CN
397,https://openalex.org/A5088335237,Xinran Wang,https://api.openalex.org/works?filter=author.id:A5088335237,81,883,CN
398,https://openalex.org/A5055757510,Yunhao Yuan,https://api.openalex.org/works?filter=author.id:A5055757510,26,357,CN
399,https://openalex.org/A5057029055,Koustuv Saha,https://api.openalex.org/works?filter=author.id:A5057029055,19,89,GB
400,https://openalex.org/A5002913960,Barbara Keller,https://api.openalex.org/works?filter=author.id:A5002913960,26,69,CH
401,https://openalex.org/A5032953678,Erkki Isometsä,https://api.openalex.org/works?filter=author.id:A5032953678,70,457,FI
402,https://openalex.org/A5003213649,Talayeh Aledavood,https://api.openalex.org/works?filter=author.id:A5003213649,11,36,FI
403,https://openalex.org/A5025112887,Artem Kuriksha,https://api.openalex.org/works?filter=author.id:A5025112887,0,5,US
404,https://openalex.org/A5061941192,Priyanka Goonetilleke,https://api.openalex.org/works?filter=author.id:A5061941192,1,5,US
405,https://openalex.org/A5072436705,Anastasia Karpova,https://api.openalex.org/works?filter=author.id:A5072436705,1,8,
406,https://openalex.org/A5046955571,Peter Meylakhs,https://api.openalex.org/works?filter=author.id:A5046955571,10,27,RU
407,https://openalex.org/A5024873815,Sebastian Mildiner Moraga,https://api.openalex.org/works?filter=author.id:A5024873815,1,6,NL
408,https://openalex.org/A5059607114,Fionneke M. Bos,https://api.openalex.org/works?filter=author.id:A5059607114,10,21,NL
409,https://openalex.org/A5005840933,Bennard Doornbos,https://api.openalex.org/works?filter=author.id:A5005840933,16,52,NL
410,https://openalex.org/A5014971104,Richard Bruggeman,https://api.openalex.org/works?filter=author.id:A5014971104,47,401,NL
411,https://openalex.org/A5028792261,Lian van der Krieke,https://api.openalex.org/works?filter=author.id:A5028792261,17,51,NL
412,https://openalex.org/A5048153913,Evelien Snippe,https://api.openalex.org/works?filter=author.id:A5048153913,21,75,NL
413,https://openalex.org/A5031538551,Emmeke Aarts,https://api.openalex.org/works?filter=author.id:A5031538551,11,42,NL
414,https://openalex.org/A5084918963,Елизавета Сивак,https://api.openalex.org/works?filter=author.id:A5084918963,7,50,NL
415,https://openalex.org/A5040564747,Malvina Nissim,https://api.openalex.org/works?filter=author.id:A5040564747,23,204,NL
416,https://openalex.org/A5086908160,Gert Stulp,https://api.openalex.org/works?filter=author.id:A5086908160,24,103,NL
417,https://openalex.org/A5048149307,Frede Østergaard Andersen,https://api.openalex.org/works?filter=author.id:A5048149307,33,114,DK
418,https://openalex.org/A5080193434,Pantelis P. Analytis,https://api.openalex.org/works?filter=author.id:A5080193434,5,45,DK
419,https://openalex.org/A5059274507,Dorina Diana Verdes,https://api.openalex.org/works?filter=author.id:A5059274507,0,1,DK
420,https://openalex.org/A5054701292,Julian Berger,https://api.openalex.org/works?filter=author.id:A5054701292,8,23,US
421,https://openalex.org/A5091759851,Ralf H. J. M. Kurvers,https://api.openalex.org/works?filter=author.id:A5091759851,29,118,DE
422,https://openalex.org/A5032099222,Elias Najarro,https://api.openalex.org/works?filter=author.id:A5032099222,4,21,DK
423,https://openalex.org/A5088505613,Claire Glanois,https://api.openalex.org/works?filter=author.id:A5088505613,3,14,DK
424,https://openalex.org/A5052905268,Louisa Jane Di Felice,https://api.openalex.org/works?filter=author.id:A5052905268,7,21,FR
425,https://openalex.org/A5065436497,Djordje Grbic,https://api.openalex.org/works?filter=author.id:A5065436497,8,29,CA
426,https://openalex.org/A5058797533,Meysam Alizadeh,https://api.openalex.org/works?filter=author.id:A5058797533,9,34,IR
427,https://openalex.org/A5093895823,Darya Zare,https://api.openalex.org/works?filter=author.id:A5093895823,0,0,
428,https://openalex.org/A5093895824,Mohammadhadi Aliahmadi,https://api.openalex.org/works?filter=author.id:A5093895824,0,0,
429,https://openalex.org/A5013170605,Maël Kubli,https://api.openalex.org/works?filter=author.id:A5013170605,5,14,CH
430,https://openalex.org/A5057252498,Shayan Ebrahimi,https://api.openalex.org/works?filter=author.id:A5057252498,7,25,US
431,https://openalex.org/A5046475081,Fabrizio Gilardi,https://api.openalex.org/works?filter=author.id:A5046475081,25,112,CH
432,https://openalex.org/A5012278873,Li Wang,https://api.openalex.org/works?filter=author.id:A5012278873,207,37892,CN
433,https://openalex.org/A5033716467,Edmond Awad,https://api.openalex.org/works?filter=author.id:A5033716467,11,56,GB
434,https://openalex.org/A5081286391,Gregorio López,https://api.openalex.org/works?filter=author.id:A5081286391,32,243,ES
435,https://openalex.org/A5029849168,Mario Castro,https://api.openalex.org/works?filter=author.id:A5029849168,88,628,US
436,https://openalex.org/A5079162755,Daniel Valdenegro,https://api.openalex.org/works?filter=author.id:A5079162755,10,22,GB
437,https://openalex.org/A5075497327,Charles Rahal,https://api.openalex.org/works?filter=author.id:A5075497327,8,32,GB
438,https://openalex.org/A5073838075,Dylan Connor,https://api.openalex.org/works?filter=author.id:A5073838075,9,49,US
439,https://openalex.org/A5021841588,Thomas Kemeny,https://api.openalex.org/works?filter=author.id:A5021841588,20,89,CA
440,https://openalex.org/A5079154791,Kokil Jaidka,https://api.openalex.org/works?filter=author.id:A5079154791,18,130,SG
441,https://openalex.org/A5028191957,Junsol Kim,https://api.openalex.org/works?filter=author.id:A5028191957,4,14,KR
442,https://openalex.org/A5066089123,Byungkyu Lee,https://api.openalex.org/works?filter=author.id:A5066089123,11,35,US
443,https://openalex.org/A5030796190,Güneş Erkan,https://api.openalex.org/works?filter=author.id:A5030796190,12,17,US
444,https://openalex.org/A5022550400,Christoffer Florczak,https://api.openalex.org/works?filter=author.id:A5022550400,2,12,DK
445,https://openalex.org/A5071988241,Vasanth Sarathy,https://api.openalex.org/works?filter=author.id:A5071988241,6,35,US
446,https://openalex.org/A5012772786,Sonja Schmer-Galunder,https://api.openalex.org/works?filter=author.id:A5012772786,5,31,US
447,https://openalex.org/A5051226686,Dan Thomsen,https://api.openalex.org/works?filter=author.id:A5051226686,7,56,US
448,https://openalex.org/A5078604948,Laurel Bobrow,https://api.openalex.org/works?filter=author.id:A5078604948,5,6,US
449,https://openalex.org/A5008813157,Richard Freedman,https://api.openalex.org/works?filter=author.id:A5008813157,47,235,US
450,https://openalex.org/A5012168451,Marios Constantinides,https://api.openalex.org/works?filter=author.id:A5012168451,9,70,GB
451,https://openalex.org/A5041600397,Zachary Pangan,https://api.openalex.org/works?filter=author.id:A5041600397,0,3,PH
452,https://openalex.org/A5041089475,Eiji Aramaki,https://api.openalex.org/works?filter=author.id:A5041089475,17,206,JP
453,https://openalex.org/A5046718849,Shoko Wakamiya,https://api.openalex.org/works?filter=author.id:A5046718849,15,134,JP
454,https://openalex.org/A5010572901,K. M. Liew,https://api.openalex.org/works?filter=author.id:A5010572901,37,212,JP
455,https://openalex.org/A5005540314,Shuntaro Yada,https://api.openalex.org/works?filter=author.id:A5005540314,8,57,JP
456,https://openalex.org/A5005815315,Wan Jou She,https://api.openalex.org/works?filter=author.id:A5005815315,4,21,US
457,https://openalex.org/A5049802130,Alessandro Gambetti,https://api.openalex.org/works?filter=author.id:A5049802130,1,3,PT
458,https://openalex.org/A5030353409,Qiwei Han,https://api.openalex.org/works?filter=author.id:A5030353409,16,26,CN
459,https://openalex.org/A5033656008,Ingmar Weber,https://api.openalex.org/works?filter=author.id:A5033656008,39,272,DE
460,https://openalex.org/A5018717377,Anne C. Kroon,https://api.openalex.org/works?filter=author.id:A5018717377,8,30,NL
461,https://openalex.org/A5039164628,Satoshi Tohda,https://api.openalex.org/works?filter=author.id:A5039164628,1,1,
462,https://openalex.org/A5054943090,Regina Widjaya,https://api.openalex.org/works?filter=author.id:A5054943090,1,1,
463,https://openalex.org/A5079221037,Stocking Galen,https://api.openalex.org/works?filter=author.id:A5079221037,3,13,US
464,https://openalex.org/A5015211752,Aaron Smith,https://api.openalex.org/works?filter=author.id:A5015211752,37,157,GB
465,https://openalex.org/A5088276589,Amin Mekacher,https://api.openalex.org/works?filter=author.id:A5088276589,3,11,GB
466,https://openalex.org/A5036868218,Bedoor AlShebli,https://api.openalex.org/works?filter=author.id:A5036868218,11,31,AE
467,https://openalex.org/A5040551932,Sylvain Fontaine,https://api.openalex.org/works?filter=author.id:A5040551932,1,10,FR
468,https://openalex.org/A5076281398,Floriana Gargiulo,https://api.openalex.org/works?filter=author.id:A5076281398,14,81,FR
469,https://openalex.org/A5084860941,Michel Dubois,https://api.openalex.org/works?filter=author.id:A5084860941,23,176,FR
470,https://openalex.org/A5065919650,Paola Tubaro,https://api.openalex.org/works?filter=author.id:A5065919650,15,197,FR
471,https://openalex.org/A5021877724,José Miguel Acosta-Córdova,https://api.openalex.org/works?filter=author.id:A5021877724,1,2,US
472,https://openalex.org/A5004566032,Emőke-Ágnes Horvát,https://api.openalex.org/works?filter=author.id:A5004566032,11,57,US
473,https://openalex.org/A5012278873,Li Wang,https://api.openalex.org/works?filter=author.id:A5012278873,207,37892,CN
474,https://openalex.org/A5067953991,Aliakbar Akbaritabar,https://api.openalex.org/works?filter=author.id:A5067953991,7,39,DE
475,https://openalex.org/A5050554579,Andrés F. Castro Torres,https://api.openalex.org/works?filter=author.id:A5050554579,6,55,ES
476,https://openalex.org/A5068542997,Vincent Larivière,https://api.openalex.org/works?filter=author.id:A5068542997,58,501,CA
477,https://openalex.org/A5029483412,Cassidy R. Sugimoto,https://api.openalex.org/works?filter=author.id:A5029483412,43,282,US
478,https://openalex.org/A5075790566,Erin Walk,https://api.openalex.org/works?filter=author.id:A5075790566,1,2,
479,https://openalex.org/A5011588754,Nicholas LaBerge,https://api.openalex.org/works?filter=author.id:A5011588754,3,11,US
480,https://openalex.org/A5017049988,S. Nagy,https://api.openalex.org/works?filter=author.id:A5017049988,15,128,HU
481,https://openalex.org/A5050902528,Indrajeet Patil,https://api.openalex.org/works?filter=author.id:A5050902528,18,85,DE
482,https://openalex.org/A5031982402,Erez Yoeli,https://api.openalex.org/works?filter=author.id:A5031982402,13,45,US
483,https://openalex.org/A5039162249,Elohim Fonseca dos Reis,https://api.openalex.org/works?filter=author.id:A5039162249,3,15,GB
484,https://openalex.org/A5004784121,Alex Teytelboym,https://api.openalex.org/works?filter=author.id:A5004784121,1,4,US
485,https://openalex.org/A5063098095,Abeer ElBahrawy,https://api.openalex.org/works?filter=author.id:A5063098095,6,17,GB
486,https://openalex.org/A5035643179,E. A. Clement,https://api.openalex.org/works?filter=author.id:A5035643179,1,2,
487,https://openalex.org/A5066444267,Alejandro Ortega‐Beltran,https://api.openalex.org/works?filter=author.id:A5066444267,19,76,NG
488,https://openalex.org/A5082860684,Kathyrn R. Fair,https://api.openalex.org/works?filter=author.id:A5082860684,1,5,GB
489,https://openalex.org/A5006404917,Steffen Thiel,https://api.openalex.org/works?filter=author.id:A5006404917,78,451,DK
490,https://openalex.org/A5010925987,Nikolitsa Grigoropoulou,https://api.openalex.org/works?filter=author.id:A5010925987,2,5,DE
491,https://openalex.org/A5089872149,Mario Luis Small,https://api.openalex.org/works?filter=author.id:A5089872149,32,99,US
492,https://openalex.org/A5033208803,Tom Theile,https://api.openalex.org/works?filter=author.id:A5033208803,3,9,DE
493,https://openalex.org/A5016227218,Carlos Callejo Peñalba,https://api.openalex.org/works?filter=author.id:A5016227218,0,1,
494,https://openalex.org/A5063557800,Kiran Garimella,https://api.openalex.org/works?filter=author.id:A5063557800,29,208,US
495,https://openalex.org/A5003896967,Lavinia Rossi Mori,https://api.openalex.org/works?filter=author.id:A5003896967,1,3,IT
496,https://openalex.org/A5070657345,Vittorio Loreto,https://api.openalex.org/works?filter=author.id:A5070657345,40,254,IT
497,https://openalex.org/A5091661935,Erick Elejalde,https://api.openalex.org/works?filter=author.id:A5091661935,7,24,DE
498,https://openalex.org/A5012278873,Li Wang,https://api.openalex.org/works?filter=author.id:A5012278873,207,37892,CN
499,https://openalex.org/A5086893629,Loreto Bravo,https://api.openalex.org/works?filter=author.id:A5086893629,18,61,CL
500,https://openalex.org/A5039966234,Francisco Barreras,https://api.openalex.org/works?filter=author.id:A5039966234,2,24,US
501,https://openalex.org/A5041993985,Bethany Hsiao,https://api.openalex.org/works?filter=author.id:A5041993985,0,1,US
502,https://openalex.org/A5026914509,Hong-Yuan Mark Liao,https://api.openalex.org/works?filter=author.id:A5026914509,30,225,CN
503,https://openalex.org/A5012278873,Li Wang,https://api.openalex.org/works?filter=author.id:A5012278873,207,37892,CN
504,https://openalex.org/A5029945844,Sonia Yeh,https://api.openalex.org/works?filter=author.id:A5029945844,32,184,SE
505,https://openalex.org/A5076045006,Yunkyu Sohn,https://api.openalex.org/works?filter=author.id:A5076045006,4,19,US
506,https://openalex.org/A5032278939,Laurence Brandenberger,https://api.openalex.org/works?filter=author.id:A5032278939,5,30,CH
507,https://openalex.org/A5057650206,Frank Schweitzer,https://api.openalex.org/works?filter=author.id:A5057650206,47,452,CH
508,https://openalex.org/A5090115852,Niklas Stoehr,https://api.openalex.org/works?filter=author.id:A5090115852,5,52,CH
509,https://openalex.org/A5089637526,Benjamin J. Radford,https://api.openalex.org/works?filter=author.id:A5089637526,5,26,US
510,https://openalex.org/A5061951606,Ryan Cotterell,https://api.openalex.org/works?filter=author.id:A5061951606,31,431,CH
511,https://openalex.org/A5053043999,Aaron J. Schein,https://api.openalex.org/works?filter=author.id:A5053043999,16,18,US
512,https://openalex.org/A5021512695,Rémi Perrier,https://api.openalex.org/works?filter=author.id:A5021512695,1,1,FR
513,https://openalex.org/A5055313700,Dena G. Hernandez,https://api.openalex.org/works?filter=author.id:A5055313700,100,372,US
514,https://openalex.org/A5027772279,Mariano G. Beiró,https://api.openalex.org/works?filter=author.id:A5027772279,8,31,AR
515,https://openalex.org/A5002960328,José Ignacio Alvarez-Hamelin,https://api.openalex.org/works?filter=author.id:A5002960328,11,76,AR
516,https://openalex.org/A5009316832,Dimitris Kotzinos,https://api.openalex.org/works?filter=author.id:A5009316832,11,91,FR
517,https://openalex.org/A5043770897,Kayla Duskin,https://api.openalex.org/works?filter=author.id:A5043770897,1,3,US
518,https://openalex.org/A5034833027,Kristen Engel,https://api.openalex.org/works?filter=author.id:A5034833027,1,1,US
519,https://openalex.org/A5053945884,Emma S. Spiro,https://api.openalex.org/works?filter=author.id:A5053945884,21,74,US
520,https://openalex.org/A5005865945,Victoria Yantseva,https://api.openalex.org/works?filter=author.id:A5005865945,2,9,SE
521,https://openalex.org/A5019051904,Davide Vega,https://api.openalex.org/works?filter=author.id:A5019051904,11,61,SE
522,https://openalex.org/A5093864381,Dylan Paltra,https://api.openalex.org/works?filter=author.id:A5093864381,0,0,
523,https://openalex.org/A5012278873,Li Wang,https://api.openalex.org/works?filter=author.id:A5012278873,207,37892,CN
524,https://openalex.org/A5055848169,Marius Sältzer,https://api.openalex.org/works?filter=author.id:A5055848169,2,8,DE
525,https://openalex.org/A5079177338,Lena Masch,https://api.openalex.org/works?filter=author.id:A5079177338,6,44,DE
526,https://openalex.org/A5032539868,Mathieu Génois,https://api.openalex.org/works?filter=author.id:A5032539868,11,37,FR
527,https://openalex.org/A5023248855,Volker Straub,https://api.openalex.org/works?filter=author.id:A5023248855,83,443,US
528,https://openalex.org/A5054138313,Jason Burton,https://api.openalex.org/works?filter=author.id:A5054138313,11,157,US
529,https://openalex.org/A5012278873,Li Wang,https://api.openalex.org/works?filter=author.id:A5012278873,207,37892,CN
530,https://openalex.org/A5022499603,Hao Chen,https://api.openalex.org/works?filter=author.id:A5022499603,156,11258,CN
531,https://openalex.org/A5005081904,Jia Lin Cheoh,https://api.openalex.org/works?filter=author.id:A5005081904,0,3,US
532,https://openalex.org/A5089865252,Sabine Brunswicker,https://api.openalex.org/works?filter=author.id:A5089865252,15,70,US
533,https://openalex.org/A5083712374,Hammaad Adam,https://api.openalex.org/works?filter=author.id:A5083712374,2,6,US
534,https://openalex.org/A5025690046,Fang‐Fang Yin,https://api.openalex.org/works?filter=author.id:A5025690046,60,1313,CN
535,https://openalex.org/A5006071289,Mary Y. Hu,https://api.openalex.org/works?filter=author.id:A5006071289,32,85,CN
536,https://openalex.org/A5054432618,Neil A. Tenenholtz,https://api.openalex.org/works?filter=author.id:A5054432618,7,27,GB
537,https://openalex.org/A5033244104,Lorin Crawford,https://api.openalex.org/works?filter=author.id:A5033244104,13,93,GB
538,https://openalex.org/A5018151279,Lester Mackey,https://api.openalex.org/works?filter=author.id:A5018151279,25,185,US
539,https://openalex.org/A5030987696,Amir Ghasemian,https://api.openalex.org/works?filter=author.id:A5030987696,4,18,US
540,https://openalex.org/A5092810091,Miguel Rivera-Lanas,https://api.openalex.org/works?filter=author.id:A5092810091,0,1,
541,https://openalex.org/A5012278873,Li Wang,https://api.openalex.org/works?filter=author.id:A5012278873,207,37892,CN
542,https://openalex.org/A5050101991,Martin Hilbert,https://api.openalex.org/works?filter=author.id:A5050101991,23,152,US
543,https://openalex.org/A5019114043,A. N. Thakur,https://api.openalex.org/works?filter=author.id:A5019114043,4,8,US
544,https://openalex.org/A5064591138,Angelita Repetto,https://api.openalex.org/works?filter=author.id:A5064591138,1,4,US
545,https://openalex.org/A5047198701,Alexander J. Gates,https://api.openalex.org/works?filter=author.id:A5047198701,12,36,US
546,https://openalex.org/A5070799203,Akira Hashimoto,https://api.openalex.org/works?filter=author.id:A5070799203,23,214,JP
547,https://openalex.org/A5019172487,Sho Tsugawa,https://api.openalex.org/works?filter=author.id:A5019172487,10,110,JP
548,https://openalex.org/A5015126836,Keiichiro Tsukamoto,https://api.openalex.org/works?filter=author.id:A5015126836,2,13,JP
549,https://openalex.org/A5093069271,Shintaro Igari,https://api.openalex.org/works?filter=author.id:A5093069271,0,1,
550,https://openalex.org/A5020916633,Anne Cathrine Linder,https://api.openalex.org/works?filter=author.id:A5020916633,4,20,DK
551,https://openalex.org/A5017444948,David Lusseau,https://api.openalex.org/works?filter=author.id:A5017444948,58,226,GB
552,https://openalex.org/A5090663249,Diogo Pacheco,https://api.openalex.org/works?filter=author.id:A5090663249,6,33,GB
553,https://openalex.org/A5071351080,В.А. Семенова,https://api.openalex.org/works?filter=author.id:A5071351080,4,36,RU
554,https://openalex.org/A5077568477,Julian Winkler,https://api.openalex.org/works?filter=author.id:A5077568477,15,67,GB
555,https://openalex.org/A5047385425,Nicholas R. Buttrick,https://api.openalex.org/works?filter=author.id:A5047385425,15,51,US
556,https://openalex.org/A5048176602,Vedran Sekara,https://api.openalex.org/works?filter=author.id:A5048176602,9,30,DK
557,https://openalex.org/A5027772279,Mariano G. Beiró,https://api.openalex.org/works?filter=author.id:A5027772279,8,31,AR
558,https://openalex.org/A5039448366,Kyriaki Kalimeri,https://api.openalex.org/works?filter=author.id:A5039448366,17,76,IT
559,https://openalex.org/A5049852179,Zoe Rahwan,https://api.openalex.org/works?filter=author.id:A5049852179,3,8,DE
560,https://openalex.org/A5000132505,Tamer Ajaj,https://api.openalex.org/works?filter=author.id:A5000132505,1,1,DE
561,https://openalex.org/A5033574079,Piotr Sapieżyński,https://api.openalex.org/works?filter=author.id:A5033574079,17,56,US
562,https://openalex.org/A5044715532,Eric Dignum,https://api.openalex.org/works?filter=author.id:A5044715532,1,2,NL
563,https://openalex.org/A5023458007,Quinn Lanners,https://api.openalex.org/works?filter=author.id:A5023458007,0,3,US
564,https://openalex.org/A5060045780,Harsh Parikh,https://api.openalex.org/works?filter=author.id:A5060045780,8,69,GD
565,https://openalex.org/A5056559023,Alexander Volfovsky,https://api.openalex.org/works?filter=author.id:A5056559023,9,95,US
566,https://openalex.org/A5069145017,David C. Page,https://api.openalex.org/works?filter=author.id:A5069145017,101,347,US
567,https://openalex.org/A5010691256,Amy Smith,https://api.openalex.org/works?filter=author.id:A5010691256,11,42,US
568,https://openalex.org/A5015998072,Alexandra Schroeder,https://api.openalex.org/works?filter=author.id:A5015998072,4,15,US
569,https://openalex.org/A5003767463,Michael B. Cook,https://api.openalex.org/works?filter=author.id:A5003767463,55,589,US
570,https://openalex.org/A5040830236,Simon Colton,https://api.openalex.org/works?filter=author.id:A5040830236,26,230,GB
571,https://openalex.org/A5080472003,Andrew Lippman,https://api.openalex.org/works?filter=author.id:A5080472003,29,156,US
572,https://openalex.org/A5027406251,Nicolò Pagan,https://api.openalex.org/works?filter=author.id:A5027406251,2,19,CH
573,https://openalex.org/A5002061675,J. Baumann,https://api.openalex.org/works?filter=author.id:A5002061675,25,139,CH
574,https://openalex.org/A5052313639,Ezzat Elokda,https://api.openalex.org/works?filter=author.id:A5052313639,1,5,CH
575,https://openalex.org/A5008392047,Giulia De Pasquale,https://api.openalex.org/works?filter=author.id:A5008392047,5,34,IT
576,https://openalex.org/A5078872704,Silverio Bolognani,https://api.openalex.org/works?filter=author.id:A5078872704,53,376,CH
577,https://openalex.org/A5046878057,Jan O. Engler,https://api.openalex.org/works?filter=author.id:A5046878057,22,75,FR
578,https://openalex.org/A5015963208,Sandipan Sikdar,https://api.openalex.org/works?filter=author.id:A5015963208,6,44,DE
579,https://openalex.org/A5033848785,Marlene Lutz,https://api.openalex.org/works?filter=author.id:A5033848785,1,4,
580,https://openalex.org/A5051740711,Maria Sahakyan,https://api.openalex.org/works?filter=author.id:A5051740711,1,1,AE
581,https://openalex.org/A5086827245,Ceren Budak,https://api.openalex.org/works?filter=author.id:A5086827245,17,86,US
582,https://openalex.org/A5068626480,Natalie Jomini Stroud,https://api.openalex.org/works?filter=author.id:A5068626480,26,112,US
